Month-Day,1960-1990 Temperature (F),1960-1990 Smooth Temperature (F),1960-1990 1 Std Dev (F),1960-1990 Smooth 1 Std Dev (F),1990-2020 Temperature (F),1990-2020 Smooth Temperature (F),1990-2020 1 Std Dev (F),1990-2020 Smooth 1 Std Dev (F),2020-2050 Temperature (F),2020-2050 1 Std Dev (F),2050-2080 Temperature (F),2050-2080 1 Std Dev (F)
08-01,90.3,89.68777777777777,4.385713483416433,3.525558862464789,91.78333333333333,92.00222222222222,3.918750973894913,3.4008562799946866,93.77914468645179,2.6396312696652817,94.9200948711668,2.6706718859404557
08-02,90.0,89.696875,3.9128435731046314,3.536215690997747,92.55,91.99583333333334,3.970472915461561,3.4143062717750667,93.7825863778807,2.5597007678965618,95.0108295828375,2.6209134729383674
08-03,89.61666666666666,89.71666666666667,3.3699568536410527,3.5533828467459436,91.93333333333334,92.00294117647059,2.996357942492877,3.4148326964719415,93.74741481772496,2.4800872075082396,95.05461887079694,2.5485518425735467
08-04,89.58333333333333,89.78796296296296,4.234674871152191,3.4928353023826,92.18333333333334,92.0037037037037,3.105843583926296,3.4094464827668043,93.73728245339592,2.6498338530470362,95.0936346242348,2.445725612187105
08-05,89.93333333333334,89.83333333333333,4.042305021279006,3.4493026353574683,92.03333333333333,92.0,2.59619527097973,3.458241897622807,93.91800165549827,2.6378354946514158,95.16565248058225,2.559314698882392
08-06,90.6,89.85666666666665,3.447637872014942,3.4502415563601154,92.41666666666667,92.01333333333334,2.7357257542193234,3.4454393198581217,94.07351184282234,2.5771523369573486,95.29204658118155,2.6492300034223395
08-07,89.71666666666667,89.8626984126984,3.777618601559794,3.4592784095334346,92.83333333333333,92.00873015873016,2.47516399085178,3.4507809165644523,94.02434639557272,2.6556395308452463,95.13792928713985,2.661727615196643
08-08,89.2,89.87424242424242,4.109702564956958,3.4804632543479923,92.01666666666667,91.97121212121213,3.1472027353622196,3.4368573468574026,93.97295333666405,2.6839246922846,95.0887476660754,2.6252694823694043
08-09,89.05,89.89057971014492,3.3920546108160816,3.4481746657557806,93.01666666666667,91.9695652173913,2.3652780449420856,3.4239357670401067,93.74404445052342,2.7851111817889254,94.94435880732905,2.592722075666983
08-10,90.0,89.86944444444445,2.5730700836107068,3.4722132563981525,92.73333333333333,91.93055555555556,2.8669740546236397,3.45897171181174,93.65609533404378,2.8779200819706103,94.95316569417538,2.5633070203977333
08-11,89.21666666666667,89.868,2.949819787988614,3.50240608450892,91.31666666666666,91.89866666666667,3.7999168169963746,3.4561509365553236,93.66777962420429,2.714200407390445,94.90649846545308,2.458959870313007
08-12,89.05,89.88076923076923,3.3767715656965245,3.504110940777942,90.51666666666667,91.87820512820514,5.031766902482616,3.4592916282240527,93.94084441780866,2.6055784785437215,94.94537227894169,2.354857958123837
08-13,89.7,89.86234567901235,2.746784954488955,3.513137743855116,90.93333333333334,91.84506172839507,4.511925449779491,3.4467138231949828,94.0651017782707,2.683021436037596,94.96622272105016,2.522833272291219
08-14,89.5,89.81785714285715,2.744901229301466,3.5343749414072776,91.56666666666666,91.79464285714286,4.3464875500786215,3.476133132966406,94.06079880064945,2.559931558482674,94.95674378845426,2.6236097716547113
08-15,89.85,89.78505747126437,3.8195278639444794,3.528903656316852,92.2,91.75172413793103,3.144782213828776,3.515536585645033,94.04442304268339,2.4594888352822974,95.03785831884397,2.688981526743486
08-16,89.83333333333333,89.77833333333334,3.6960681189921143,3.5488555081467354,91.9,91.70777777777779,3.616056148480762,3.537983000530093,93.92455375567314,2.4395230163186756,95.03509804935743,2.6824709477827877
08-17,90.03333333333333,89.77,3.828057338717092,3.525010433784146,92.11666666666666,91.66499999999999,3.423255491621939,3.5333787046686482,93.73616233698347,2.2603070930193345,94.9730167216842,2.6399990523255386
08-18,91.0,89.74777777777777,2.4635270482057616,3.5013758216414805,92.01666666666667,91.57388888888889,3.317880849779471,3.539125812869842,93.6370793602591,2.413011458906684,94.90207586379971,2.611043908831759
08-19,90.65,89.7338888888889,2.6657146289050972,3.511877645853868,91.93333333333334,91.50944444444444,4.336559365030855,3.5879323845027824,93.51928442355221,2.465883908727658,94.90196560054251,2.6124483533052283
08-20,90.3,89.70444444444443,3.468081055410408,3.5039545374752383,92.26666666666667,91.44833333333334,3.2021903423291023,3.60420214718617,93.31544920279664,2.5444395419659007,94.77094707555258,2.614305926198815
08-21,89.98333333333333,89.61777777777777,3.640015472999827,3.5152528964380907,91.91666666666667,91.38833333333334,3.5576128506910636,3.6380649922984065,93.21782974222279,2.5913430461600733,94.73193602160197,2.670801533997228
08-22,90.11666666666666,89.47777777777779,3.925344995453689,3.558348559267151,91.18333333333334,91.29222222222221,3.1444623830093605,3.6704335207382046,93.19007313365276,2.6612543664262853,94.5120037592876,2.5726292691631283
08-23,90.25,89.40888888888888,2.7378257167271265,3.558915259313237,91.93333333333334,91.15833333333333,3.1396610110595966,3.729382143250781,93.13544761867892,2.7125311096033338,94.25483201081828,2.521236564560364
08-24,89.38333333333334,89.34833333333334,4.025100841172706,3.5574448443364806,91.03333333333333,91.07,4.264798441559291,3.75334709782936,93.05503982955325,2.819554988998354,94.1060189469625,2.747238518722045
08-25,89.83333333333333,89.3288888888889,4.227033959167351,3.568322747071632,91.13333333333334,90.95888888888888,3.388452330401345,3.817037905289404,92.99852548583802,2.8656310522276014,94.09253565331524,2.7393408677739077
08-26,90.2,89.25777777777778,3.546732347503485,3.6227460952691923,91.36666666666666,90.84166666666667,3.5378089199422753,3.8374952327961456,92.7172323574124,2.8053955044030223,94.00708404109025,2.5156224722831877
08-27,89.38333333333334,89.20333333333333,3.747834623861641,3.6660488070893864,90.98333333333333,90.77333333333334,3.1196908924391638,3.8217084872086216,92.67862737169257,2.927150409101508,93.94305470049588,2.5878585308274205
08-28,88.61666666666666,89.14888888888889,4.107779275315631,3.693828926245383,90.43333333333334,90.71277777777777,4.270454496794833,3.8005006119745133,92.68952344510531,2.8259111344157524,94.02329320928523,2.6489217034829706
08-29,88.86666666666666,89.06555555555556,3.3757076737849467,3.7444069144930463,90.55,90.64833333333333,4.618833260646589,3.7717142479124064,92.56257300568033,2.740357258162592,93.76212169236229,2.7406176332345824
08-30,89.58333333333333,89.02111111111111,4.127459211213343,3.768075699410951,90.43333333333334,90.54055555555556,4.18892903219684,3.7642217131438884,92.35184518918776,2.7016100374900653,93.47181984801045,2.8415692798350856
08-31,90.05,88.94444444444444,3.670361252538766,3.7659667420871754,90.5,90.45611111111111,3.780622098051565,3.7407318618973617,92.2404977957789,2.9840820124145604,93.31381178165259,2.7401294830571765
09-01,89.33333333333333,88.82444444444444,3.20380520882465,3.8073336485454776,89.81666666666666,90.34166666666667,4.142886161497372,3.7530934519049706,92.10303413605133,2.9805404211960846,93.16337632748963,2.851129189614778
09-02,89.2,88.66944444444444,3.685011580012685,3.842953804290297,90.0,90.21499999999999,4.460555091481088,3.775406311505023,91.84662316602537,2.9329848994521712,93.13399694422432,2.9259217176628396
09-03,88.7,88.52166666666668,3.996981619793305,3.876118110568912,90.35,90.10388888888889,3.593936464427934,3.7983936215914524,91.7906487690175,2.8433437715811194,93.16781279172692,2.9787988551474243
09-04,87.33333333333333,88.37444444444444,4.3812557901645715,3.936315019166683,90.23333333333333,90.0038888888889,3.612080624346825,3.757300348063624,91.85992609441624,2.794351131246692,93.05988273077989,2.877460448434814
09-05,86.4,88.25222222222222,4.740507756886751,3.958631537758805,89.53333333333333,89.86055555555555,3.7067816074132667,3.8028694240918073,91.53072170833629,3.1742405349844103,92.52464134877691,2.9194578242755824
09-06,87.65,88.14888888888889,3.7946196029423693,3.9522425641137824,88.81666666666666,89.73888888888888,4.243622666229086,3.844725521133592,91.40758705433089,3.260287670500181,92.36924269888421,2.850601729511987
09-07,87.38333333333334,88.00500000000001,4.065590115654277,3.97330766593458,89.36666666666666,89.62666666666665,3.8661513727195724,3.8956731746643647,91.63616896491546,3.259666576907063,92.62395787125271,2.7026448450553677
09-08,88.46666666666667,87.83277777777779,3.718391692870613,4.069747318782856,89.68333333333334,89.47333333333333,4.27600226874341,3.9487273066428417,91.63552410760435,3.2239812393092,92.73875544155756,2.778784807876065
09-09,87.86666666666666,87.68555555555555,4.205770529537532,4.08218211922617,89.21666666666667,89.35388888888887,3.4806938798258926,3.9573856883202962,91.44240675760666,3.1517091292126533,92.60573804792928,2.6531785188647063
09-10,87.58333333333333,87.50944444444444,4.248901142594423,4.12112500225526,89.26666666666667,89.20333333333333,3.326314449370637,3.9817823368814347,90.84411407043136,3.3648684959415824,92.35252528636727,2.572859780425486
09-11,87.41666666666667,87.32944444444443,4.210175140376428,4.1877480477153926,88.7,88.97833333333332,4.395530645459369,4.042004828700429,90.42523449352095,3.6256668235916876,92.03045301576546,2.737891829921045
09-12,87.2,87.16000000000001,4.264124601918858,4.246576270425802,89.0,88.78055555555555,3.6483345279162953,4.151333648294201,90.55504316536489,3.336396726819984,91.7585806679041,2.845150226869535
09-13,88.16666666666667,87.00444444444445,3.4549647768386005,4.2817096045023,88.33333333333333,88.61722222222221,4.121711507023076,4.172807640084299,90.5380476675738,3.2285624579623162,91.39909716811027,3.0484291482664143
09-14,87.55,86.82944444444446,3.7562591442312234,4.40258844083365,89.66666666666667,88.45555555555555,2.4400866764329936,4.184278741355185,90.37998528827457,3.3656502360267733,91.30443259672893,3.0415531464319625
09-15,86.23333333333333,86.62388888888889,4.937075312741157,4.458238869106558,88.46666666666667,88.27222222222223,3.9869038487090003,4.20419294451717,90.36261165545507,3.370795913428362,91.21886019018072,3.0178136214062197
09-16,85.38333333333334,86.37444444444444,4.896662011061694,4.52347404291865,88.31666666666666,88.07277777777777,4.092641279623523,4.232265982751319,89.89770964469278,3.5491426633471432,90.90058703525851,3.2043494283797194
09-17,86.56666666666666,86.12666666666668,3.4584562365642113,4.636764114648277,88.68333333333334,87.90666666666667,4.00750015237236,4.260510454729575,89.53371745190019,3.639963819259813,90.59557340061627,3.2956475777600835
09-18,86.23333333333333,85.92166666666667,4.471621886838216,4.705533333245428,88.93333333333334,87.72444444444444,3.103761159195997,4.287060940978095,89.61665152721073,3.3689500217332182,90.44034540915766,3.2136946127808246
09-19,86.63333333333334,85.69722222222224,4.137576613174078,4.757837698412485,87.96666666666667,87.5038888888889,4.569262623174584,4.355251672925538,89.70988842020365,3.452914397995854,90.51232389499087,3.1296368396728886
09-20,86.88333333333334,85.53555555555555,3.4483462636491393,4.801041332637568,88.26666666666667,87.29,4.813295761944623,4.445507655696634,89.17247236453397,3.646556507596632,90.03048984053706,3.3597746520792358
09-21,85.8,85.39388888888888,4.557298050077633,4.842600106755687,87.81666666666666,87.15166666666667,4.672891988932537,4.473989509743151,88.89752925727642,3.861254785078152,89.83450223853673,3.529379794929266
09-22,85.08333333333333,85.16833333333334,5.631015302175385,4.911935216451075,87.33333333333333,87.00333333333334,4.731284970413903,4.520177236118384,88.62580111392009,3.8447923555036256,89.66207313291015,3.877551005091608
09-23,84.96666666666667,84.94944444444444,4.398144854472115,4.973447319498044,87.45,86.76611111111112,4.524549891882931,4.609085598355834,88.32202946801367,4.402866781757646,89.36433432210136,4.1123243140753845
09-24,84.55,84.70777777777776,5.3953204500400815,5.045811894512095,86.61666666666666,86.49666666666667,4.12035178723549,4.69609446256851,88.22450145614764,4.464019486912949,89.22895667065308,4.124918661420466
09-25,84.8,84.53055555555557,5.545423711307462,5.098766004938418,84.61666666666666,86.24833333333332,5.344483674512105,4.794883615782095,88.22196329132638,4.374546311817655,89.24534941091721,4.089544482905784
09-26,84.3,84.30388888888889,5.512681305173897,5.152615695707283,85.05,85.99222222222221,6.399555480252333,4.8891175640521825,87.88918823355506,4.389676886673395,88.81828392195361,4.1639874251897915
09-27,83.95,84.11500000000001,5.161779297610599,5.198936520137112,85.53333333333333,85.76944444444445,4.914674250497767,4.931440020583736,87.68131236348613,4.544134025423491,88.47115102173666,4.267561801220094
09-28,83.61666666666666,83.90944444444445,7.002072763725447,5.233721063841161,85.7,85.56166666666667,4.962966298773204,4.965607308772693,87.78655120817177,4.525684855917895,88.31901018685717,4.49668533334403
09-29,83.41666666666667,83.65166666666667,5.796972059400603,5.317534446019363,84.93333333333334,85.39166666666667,4.78635512705638,4.9728351525248184,87.60008910715258,4.70862784609351,88.09818488034483,4.421975809236645
09-30,82.56666666666666,83.38555555555556,5.6274164669014874,5.409753002428031,84.51666666666667,85.13166666666666,4.622813245076035,5.076726000591415,86.994855759569,4.605225721490311,87.35525412420671,4.604999964006654
10-01,81.9,83.18277777777779,6.602507360713491,5.438121887381039,84.83333333333333,84.92055555555557,4.990220320845036,5.1192833690898025,86.400273950627,4.8729010282339384,87.05670038693344,4.490713416887104
10-02,83.05,82.99611111111112,5.7480881379271915,5.473587243725818,84.53333333333333,84.70166666666667,5.2570696789366815,5.177706955539089,86.27255022792,4.935201865641502,86.89120838266575,4.764333931285363
10-03,81.96666666666667,82.75388888888888,5.566112574804994,5.5604300983145425,83.73333333333333,84.41277777777778,5.639658422851235,5.257448120056948,86.20935329894982,4.947114198385123,87.01502291385577,4.60218918965815
10-04,82.48333333333333,82.525,5.677364816917072,5.57206977409716,83.81666666666666,84.07555555555555,6.319760107479708,5.361533129082783,85.63068303259784,4.928508011016076,86.50773104046564,4.646404816772992
10-05,82.15,82.22000000000001,5.987270980430352,5.672820372126478,85.38333333333334,83.79944444444443,4.5612372288087775,5.410726556084415,84.66020917719997,5.0492894296494395,85.51852217004739,4.74735823600352
10-06,80.88333333333334,81.87444444444444,5.874672893804,5.801156207929073,84.36666666666666,83.53944444444444,5.629254457486071,5.445333869971991,84.40689193219603,5.035419645505909,85.19062296305935,4.696834206133943
10-07,80.81666666666666,81.61666666666666,5.910953207063304,5.828042446039323,82.25,83.28944444444444,6.533402239843063,5.436863312017497,85.06015249364496,4.846822447307928,85.14227043824832,4.951620761037421
10-08,81.21666666666667,81.38055555555555,5.889328943292168,5.7986374547421935,81.6,83.02055555555556,6.886268195123698,5.466427729488773,85.50182393801116,5.025939487882098,85.51588623652341,5.139785713401598
10-09,82.55,81.14166666666667,5.7943938423272545,5.835736535953573,81.76666666666667,82.69333333333334,6.4443684762334295,5.516323323498156,84.93983065745176,5.0517733464631815,85.34949719167673,5.21388489722442
10-10,80.78333333333333,80.85722222222222,5.864391865660324,5.847001571551482,81.58333333333333,82.38444444444444,6.153332897473253,5.617835296460547,83.6987628294495,5.5594436675340795,84.79195146180776,4.900047329369683
10-11,81.75,80.52,5.599799873271332,5.856592264378649,82.01666666666667,82.16277777777778,5.66520434140598,5.654640764784601,83.41137910390295,5.511241542058151,84.6082449262691,4.941777095385891
10-12,81.03333333333333,80.225,5.307660913040331,5.8527334882782345,82.76666666666667,81.94166666666666,4.673353173585025,5.629786669299853,83.17636864601008,5.757638534443941,84.69353823298528,5.200129231285973
10-13,80.43333333333334,79.98722222222223,5.969366242184627,5.885102328216606,83.23333333333333,81.64055555555554,4.338546819586834,5.72110295151276,83.08273903379221,5.708138589126951,84.45329673710387,5.419085065609922
10-14,79.56666666666666,79.74944444444444,6.52281583649129,5.847267812069335,81.86666666666666,81.28555555555555,5.556812118430889,5.8340193886648954,82.55570198026608,5.6216213133570605,84.1240915914169,5.108344859823903
10-15,80.15,79.50444444444445,5.788141861331367,5.846555167414137,82.13333333333334,80.99555555555554,5.263624903660645,5.918393891327858,82.21999359506832,5.538513606276901,84.11589649546895,5.036912293853913
10-16,79.78333333333333,79.32722222222222,5.960622701405093,5.82178930056316,81.75,80.72277777777778,5.845348873102087,5.97257405438538,82.22088954590154,5.632070878083929,84.13535783611685,5.052887395182186
10-17,79.3,79.12777777777778,6.063741874225963,5.808398496147528,80.01666666666667,80.475,6.399735087908118,6.053726555845475,82.16577464413727,5.788578132750595,83.92811330653625,5.5868956906284355
10-18,79.36666666666666,78.90833333333333,4.820812160316712,5.834407701030097,78.81666666666666,80.19888888888889,6.226311429971079,6.15373895937067,81.50187147627732,5.991674799810556,83.35581243618721,5.567673329441177
10-19,77.48333333333333,78.64555555555555,7.160094554053637,5.946694244943539,79.68333333333334,79.88000000000001,6.045065433223546,6.210516765062796,80.44008302683999,6.06589698204999,82.44932842169725,5.903426039267159
10-20,76.51666666666667,78.33500000000001,7.2984213377269835,6.049270001816397,80.46666666666667,79.55333333333333,5.851515178571901,6.261684985261993,80.4316590676394,6.151754642647564,82.58194429226562,6.057307547927182
10-21,78.06666666666666,77.99777777777778,5.363885193385119,6.134895492910439,80.31666666666666,79.19722222222222,4.418775250297708,6.369233754086507,80.65986440894542,5.983067602020255,82.89745055056625,5.796882987631845
10-22,78.0,77.68833333333333,4.748865563261508,6.163850517979686,79.26666666666667,78.87777777777777,5.618217494552155,6.465707941444041,80.65594908309612,6.209754403301393,82.28338478844614,5.794158109531285
10-23,77.8,77.40222222222222,5.511117290813492,6.1898565199054945,77.63333333333334,78.60055555555554,6.021417712164456,6.538742989333807,80.24863461738073,6.286866297663371,81.7766502057864,6.034642843314
10-24,76.01666666666667,77.13222222222223,5.733271517977372,6.194962153830486,77.35,78.29333333333332,7.165710976107224,6.602572034671876,79.96467497068755,6.542642767549997,81.64244843606916,6.232669620068478
10-25,74.68333333333334,76.83,5.833144496122454,6.261216834949539,77.96666666666667,77.95277777777778,6.448647724233671,6.629732408196535,79.2012105903857,6.5601251585944675,81.25338151742957,6.661833385046295
10-26,75.45,76.58722222222222,5.39691802216145,6.318423818670545,78.41666666666667,77.61777777777777,5.653932615709934,6.675517534048137,79.61194654817974,6.724472601597542,81.59068397701178,6.874114223268343
10-27,76.81666666666666,76.2661111111111,6.132844495761768,6.381349047143936,76.5,77.29444444444444,7.654162716884962,6.719331710604637,79.90693667379307,6.6427439399274855,81.35687012547739,6.874837167540989
10-28,76.48333333333333,75.93833333333333,5.8670372793073025,6.496158536592672,75.05,76.98055555555555,8.350459413337264,6.776052989763065,79.31663674702929,6.550438133743804,80.56763061763934,6.891011054730609
10-29,76.06666666666666,75.625,5.775592719744686,6.573198614688661,76.23333333333333,76.60166666666666,7.317590206945293,6.834143116696063,77.84331090071774,6.791311560448377,79.1948072627805,7.048679544973732
10-30,77.25,75.32333333333332,4.884440461372179,6.637884523912176,76.33333333333333,76.17333333333335,6.248218136801678,6.957710616703441,77.52885239285224,6.829017914770253,78.67403473267053,6.934745536091829
10-31,75.91666666666667,75.01555555555555,6.200783228244492,6.7515495079088215,77.4,75.74944444444444,7.4247953646478715,7.128475310052784,77.52969021224278,6.857019205713868,78.02159321435275,7.042682227237914
11-01,76.46666666666667,74.72611111111111,6.528364284404256,6.899918673375584,76.25,75.40888888888888,8.25744178469254,7.204818076253377,76.85353619885322,7.178559259191576,77.97248914213343,6.875617225204923
11-02,74.08333333333333,74.48055555555557,8.934708892208285,7.0063480228214665,74.16666666666667,75.07777777777778,7.342992593615026,7.2878017427850885,76.51021102227195,7.157579065437472,77.91616585379323,6.738753003781711
11-03,73.16666666666667,74.23333333333333,8.754637523102799,7.110495377250468,74.01666666666667,74.76611111111112,7.8548067134555914,7.341295353969396,76.56444565953078,6.822196260573743,77.67110900839714,7.129229569754259
11-04,72.03333333333333,74.07166666666666,8.556035713251601,7.131354063381937,74.7,74.42833333333333,7.787700293544236,7.417314702177628,76.74345886243836,6.979014989282182,78.46516513516563,6.944781515571123
11-05,71.6,73.89666666666668,6.743323645881415,7.191872203369532,74.78333333333333,74.06722222222223,8.523480078212076,7.459543366935872,76.3233454773812,7.117697377697294,78.3911832738907,6.693426310770416
11-06,72.23333333333333,73.59222222222223,6.691133264837586,7.3197306193908505,73.93333333333334,73.73,8.724453676536024,7.5470410559638195,75.56538360518687,7.2103428347596195,77.40914606345163,7.263384674436943
11-07,73.11666666666666,73.26333333333334,6.042497961041896,7.456312610523051,72.38333333333334,73.4161111111111,8.801139555265806,7.6581712600218275,75.17896304217149,7.364378596779078,77.13028830456332,7.130998814493089
11-08,73.48333333333333,72.99055555555556,7.782034275898838,7.632703498196123,71.55,73.14833333333333,7.259179681973194,7.695802525281603,75.43225277053625,7.196292437560346,76.75223311056911,7.032810299106817
11-09,73.5,72.75277777777778,7.580601377290546,7.795626594689438,71.53333333333333,72.92277777777778,7.526886673021315,7.7108077405651505,75.0767316540781,7.606788622809412,76.00993163301374,7.368091198150101
11-10,72.11666666666666,72.52166666666668,7.487556727473017,7.938740767994261,72.31666666666666,72.61055555555555,6.979629638100966,7.740308580703898,74.00352817176643,7.643490727144615,75.16399036152397,7.966326037378993
11-11,71.2,72.3361111111111,8.751945596502411,8.053875265010747,73.35,72.26722222222223,6.374991548337865,7.779681036916687,73.58537214446388,7.527709952422919,75.03232528057717,7.875761903594466
11-12,71.03333333333333,72.20888888888888,8.280568585064316,8.117868068933797,71.86666666666666,71.99333333333334,6.0812506275767255,7.788816146885177,73.6376881109744,7.380939759575463,74.73202982876992,8.078438528351647
11-13,70.51666666666667,72.05,8.463393113196727,8.198622592381856,69.01666666666667,71.75055555555555,9.263837118652264,7.848359696567372,74.34579445608921,7.396913244122528,74.48594752622006,8.165627661167106
11-14,70.91666666666667,71.71944444444445,9.198091381230745,8.237629088709332,69.41666666666667,71.47555555555556,10.38656570414095,7.920258103589349,74.76538675170585,7.988190189342855,74.6214534896359,7.989058924390829
11-15,71.1,71.23555555555556,10.411697665407985,8.386488090687283,71.53333333333333,71.26333333333334,8.135631859119886,7.9750683390089225,74.47363338274562,8.041973977654038,74.91167237115846,7.80180065736728
11-16,71.93333333333334,70.8611111111111,9.256622357602387,8.489271555862548,70.08333333333333,71.00611111111111,8.889245083859457,7.9821307165790705,74.25490093025658,8.26607136926995,75.32292936770743,7.749751011058094
11-17,71.95,70.48555555555555,7.945232793186806,8.571933872432242,69.46666666666667,70.69388888888889,7.831119765500278,8.011530036107725,73.85471662233506,8.81569518693859,74.539575475171,8.263337832779627
11-18,72.63333333333334,70.24666666666667,7.785855137997693,8.582519936042782,69.55,70.47166666666666,8.325645879470537,8.042611317095801,72.96811938231521,8.323366226424287,73.61426457185823,7.981189415293696
11-19,71.26666666666667,70.0388888888889,9.113965537354854,8.624799334678805,69.63333333333334,70.31277777777777,7.118375121319212,8.070213445731621,72.65053770112766,8.16293096933593,73.48126560578403,7.6953021446712855
11-20,68.93333333333334,69.82833333333333,9.199637674024633,8.612326776340204,70.2,70.09222222222223,7.043705921136135,8.141796994562121,71.8995361623012,8.122322684078066,73.26839899328613,7.668461559337149
11-21,68.13333333333334,69.62277777777778,8.84632529722753,8.66006890259875,69.85,69.81666666666666,8.952123616292354,8.195424329330123,71.38747370352975,8.623904986178966,72.89840486206637,7.901179029797219
11-22,69.61666666666666,69.46722222222222,10.802843921005671,8.703831859687059,69.6,69.52222222222221,7.150355669957722,8.25271299189297,71.57047045848411,8.633767259152362,73.19520594518033,8.005048779250936
11-23,68.88333333333334,69.17333333333335,10.620964412776802,8.804280471574735,70.58333333333333,69.24055555555556,7.61586743461369,8.303970223860302,71.93076309769806,8.720417366451409,73.99920637493142,8.211977296786689
11-24,67.75,68.9011111111111,10.12656969526717,8.856944607770975,68.6,69.02444444444444,7.333672928396089,8.406431506578823,71.3714614705648,8.944061173366155,73.398005511406,8.068191867376122
11-25,69.88333333333334,68.62388888888889,8.850952932656005,8.906404853086764,68.11666666666666,68.88000000000001,6.835106302093592,8.524197565093937,71.89344012459652,8.938384965449,73.88257019962691,8.375200492552416
11-26,73.0,68.35222222222222,8.052628613453306,8.95373652360962,68.28333333333333,68.62722222222222,7.9282160159396735,8.609575186764427,72.4078243246251,8.601004117192222,73.28798864305723,8.325837663436731
11-27,71.71666666666667,68.18111111111111,8.28967298274905,9.000038910449346,67.76666666666667,68.27111111111111,10.136765903803127,8.740328258205771,70.894257867109,8.673920320485141,71.28792015331874,8.572557271684937
11-28,66.15,67.96055555555556,6.945787609568942,9.104961605314335,67.98333333333333,68.06777777777778,9.474542417604585,8.84611188964534,69.79671844493242,9.19421622894194,70.55500622624281,8.454287626617703
11-29,62.733333333333334,67.70722222222223,9.350210520710709,9.205596263517029,69.96666666666667,67.97222222222223,7.892525199388873,8.839104778170071,70.04696933958705,9.144176566604612,70.70043777449872,8.078115145468713
11-30,64.68333333333334,67.42777777777778,9.284287183502414,9.23364387118154,69.68333333333334,67.81222222222222,7.636666691752357,8.787365244102633,70.1419493820721,8.94124085181403,70.94630123383523,8.033292209603614
12-01,65.2,67.23166666666667,9.00823378149507,9.24094394762036,66.88333333333334,67.57388888888889,9.139421370552173,8.815240014005669,69.32301708804677,8.933399106267634,70.72730502410282,8.037455831705108
12-02,66.91666666666667,66.91000000000001,9.252290800524552,9.301832945112087,67.5,67.44166666666666,8.275431023257317,8.835815718427256,68.5510212327814,8.752353076073206,69.53190960846979,8.047314567562742
12-03,66.93333333333334,66.57555555555555,10.023019482183493,9.39717707823022,69.25,67.24888888888889,8.682870572530172,8.8873343904477,68.58836893532659,9.072834630774091,68.54598206986627,8.756022900000705
12-04,65.71666666666667,66.21666666666667,8.181858963093537,9.446426083250087,68.08333333333333,67.06,9.9352067584592,8.840324674366974,68.74508298178714,9.180542459340131,69.87288903042463,9.123152181269125
12-05,65.43333333333334,65.98555555555555,8.175587433637869,9.527452746860398,66.51666666666667,66.85,10.132300121252154,8.94386189261584,67.80215749090313,9.09151062700985,70.08250078233435,8.62664117350066
12-06,67.56666666666666,65.81722222222223,8.004021977486815,9.55746776432924,65.1,66.62277777777777,10.443113553421465,9.036451965931093,68.65750817236966,8.911828351995174,70.42891663374574,8.799532930448203
12-07,64.3,65.675,9.055956317672154,9.673036543003954,63.93333333333333,66.46055555555556,10.338856514285725,9.027203152837677,68.6986445608457,9.133747871113147,70.0415442187385,8.5943848522413
12-08,65.31666666666666,65.46611111111112,9.36195836178607,9.69531560734177,65.06666666666666,66.32944444444443,10.333018163528807,9.135526104124784,67.96919853191712,9.198227836786426,69.09373240313515,9.073097015197373
12-09,65.18333333333334,65.27722222222222,9.064408736764161,9.793707398805514,67.2,66.10833333333333,11.059868428474752,9.210494071377134,67.22539855032188,9.043907375883652,69.46070217377512,9.335372428637914
12-10,63.96666666666667,65.05722222222222,8.907506843158727,9.904249166392413,64.73333333333333,65.86888888888889,9.540958288215666,9.346300450326689,67.17480707446296,9.647244344315263,69.13768034375697,8.992425165972598
12-11,66.06666666666666,64.71833333333333,10.141017201694192,10.004827492274682,62.666666666666664,65.56944444444444,10.297583691578202,9.480528038684202,67.13312120330919,9.551955361154395,68.58976123063202,8.568263642024538
12-12,64.41666666666667,64.30499999999999,11.428249431013976,10.092266082871964,65.76666666666667,65.30722222222222,9.25475957076378,9.552394175310717,67.01914037873662,9.024558162814749,68.5430130656331,8.60769839690491
12-13,62.916666666666664,64.08333333333334,11.482432859277518,10.108859148413627,66.15,65.15777777777778,9.053623774394206,9.522619589705592,67.38796855129107,8.864149945528943,68.4207335225378,8.907213172181025
12-14,62.53333333333333,64.03555555555555,10.03951961116609,10.178310972568603,64.61666666666666,65.04444444444444,8.83437968211782,9.530841007365531,67.6422017952912,9.463618651797926,69.59307562527478,8.812371920690257
12-15,65.21666666666667,64.06,10.630699958572597,10.243759211910573,64.38333333333334,64.80888888888889,8.971874956210932,9.530055835734856,66.86573307801055,9.795597637861205,69.2615076223207,9.002117433024466
12-16,62.28333333333333,64.06555555555556,11.08329228235419,10.329371351922868,66.11666666666666,64.60333333333334,9.5065162165071,9.60137908921399,66.20880621806258,9.443508015860465,68.21844171838444,9.182067456045887
12-17,61.916666666666664,64.02277777777778,10.805556786730813,10.400927904432,63.68333333333333,64.49722222222222,9.376679926113592,9.613431647951677,66.68513064893429,9.439010879883469,68.15731372271296,9.200618104103665
12-18,61.86666666666667,63.77666666666667,9.263325288593663,10.43542480150683,63.88333333333333,64.33444444444444,6.9153543970487625,9.692318841803614,66.79549137119425,9.705278167598326,66.8894247179505,8.775914774443377
12-19,64.33333333333333,63.541666666666664,11.54476544566421,10.440431706703617,63.333333333333336,64.08277777777778,10.224491668785182,9.824358700960206,65.91691581582387,9.824040067993517,66.42607554331121,9.300449862686897
12-20,63.88333333333333,63.397222222222226,10.100088198089926,10.547677951097404,63.38333333333333,63.77388888888889,9.821408120593727,9.948916698852043,64.7652978396002,9.194188411237281,66.75415580619774,8.810366696368526
12-21,63.86666666666667,63.175,12.313388657468954,10.580874454592832,64.98333333333333,63.61333333333334,8.674659223489883,9.965230308646603,65.49609603109816,9.161541265450852,66.94127023877287,9.083851088621483
12-22,63.35,62.905,11.471215851140117,10.608072879270615,65.66666666666667,63.54277777777778,10.400044208570938,9.932823263574408,66.06247796982096,9.486189323081307,66.79972183753424,10.009570333639967
12-23,63.21666666666667,62.88666666666667,13.572718156689156,10.623727692486721,63.95,63.51166666666666,9.864906452184156,9.897655992622656,65.78004134540447,9.334679488902808,66.50804474233607,10.106794917845619
12-24,61.15,62.760000000000005,13.442822722874118,10.661278605435735,61.416666666666664,63.400555555555556,11.407864296882742,9.936336267407333,64.42653453096221,9.34635116662342,65.53758405320673,9.225339693059468
12-25,59.71666666666667,62.52166666666667,11.868302709124093,10.74302512468015,59.13333333333333,63.18388888888889,10.861933952819,9.969003195586561,63.22723646051904,9.206692378781849,64.68583236778609,9.230178732317192
12-26,60.6,62.394999999999996,10.67578633137173,10.891977593224755,60.416666666666664,63.117777777777775,10.084200114735083,9.981092268422788,63.533986260798024,9.18275834094216,64.51836577571112,9.345444397132725
12-27,65.06666666666666,62.099444444444444,8.787464948998945,11.005963419566955,63.28333333333333,63.11944444444445,9.243528335649447,9.985345186733849,63.837903097143744,9.297402689855438,65.84095152186305,9.155370416698053
12-28,64.71666666666667,61.82222222222222,9.029342334218242,11.083392198787623,64.58333333333333,63.06777777777778,9.721184947402719,10.008997151892624,64.5510836679839,9.212917027048139,65.99245550730151,8.937199015994612
12-29,63.46666666666667,61.626666666666665,11.31365770096977,11.069715705718629,62.9,62.98777777777777,7.868970050468632,10.054331134059066,64.63564496836656,9.708743909530018,64.99706013591536,9.198538593674712
12-30,64.85,61.419444444444444,11.852651383871295,11.139008338625816,63.516666666666666,62.879444444444445,9.776364296126378,10.121545711809585,64.30772988701808,9.390806707812194,64.73336813885984,9.540599410910028
12-31,63.916666666666664,61.15722222222222,11.154930356769055,11.177112960690758,63.7,62.74944444444444,9.500998132682763,10.117378588356328,63.50518600688557,9.846328794140428,64.2840641082731,9.797432610720582
01-01,59.53333333333333,61.03666666666666,10.28719771276946,11.11287170005274,62.61666666666667,62.59,10.642046838815366,10.103807626925875,63.65176164878875,9.726250707940958,63.940107296274675,9.543678347214602
01-02,59.88333333333333,60.96166666666667,10.173226638087106,11.053334985313954,61.7,62.50555555555556,12.644066347227993,10.115913256954737,63.47537004059553,9.374014280799571,64.29425715832673,9.631989084812213
01-03,61.38333333333333,60.89666666666666,11.399246294907135,11.10723386515703,58.81666666666667,62.43999999999999,13.671946695214315,10.281698560607007,63.57993138176569,9.59529795667957,64.89186867244595,9.44494310716159
01-04,58.766666666666666,60.84222222222222,9.171482538500685,11.069360045681767,61.7,62.43333333333333,10.621708415088998,10.315557850899895,63.3562035208879,9.129962494982617,65.19430733713847,8.788815681054512
01-05,59.46666666666667,60.74444444444444,8.819974717820257,11.169575748910034,62.983333333333334,62.413333333333334,9.470902201255539,10.314532208724275,64.4535840233651,9.09690899160867,65.9706934807358,8.834379200330646
01-06,63.75,60.556666666666665,9.525600714155367,11.154037988786285,63.0,62.345000000000006,9.283838385733228,10.357262646898237,63.83753499784828,8.628111450306163,65.18172567959499,8.794640634422525
01-07,61.516666666666666,60.367777777777775,10.488485750256483,11.210870205780184,61.733333333333334,62.3,11.493426407069066,10.329160598726405,63.45102750018359,9.139783933688639,64.96554980742194,9.615960220011049
01-08,58.03333333333333,60.32388888888889,11.516804314096659,11.132750218947423,60.7,62.361666666666665,12.039876273851622,10.300955530517932,63.48203497502207,9.667588958467437,65.09928200112884,9.716011843310444
01-09,60.166666666666664,60.415,13.376080899496872,11.013758103010343,62.75,62.3911111111111,9.903630473302412,10.257047515577218,64.55442060966904,9.475117727356013,65.62805900259515,9.261736785480663
01-10,57.2,60.53,13.560591991960148,10.99278278589504,62.71666666666667,62.445,10.425171240910087,10.230514595385548,65.23855638859287,9.146121117437358,66.19005119547364,9.14478550524103
01-11,56.1,60.632777777777775,13.751112807634001,10.97869805852681,64.21666666666667,62.521111111111104,9.964318525527014,10.17516439172728,64.08910049819991,8.998928902331041,65.77050196780155,9.581508229703958
01-12,57.05,60.53111111111111,11.072138067207721,11.036219707408987,63.75,62.531111111111116,10.413643239387504,10.143001526306032,63.888026171685425,9.562934048944102,64.782364562287,9.227640328991066
01-13,56.31666666666667,60.40111111111112,12.118298598381717,11.092339428255416,61.36666666666667,62.46111111111111,10.850817014633384,10.094652847350805,64.93350714252196,9.517022756484405,65.13277081489876,9.554495945573427
01-14,57.35,60.37111111111111,11.773838620520877,11.078755181618073,60.483333333333334,62.50388888888889,8.84686125261319,10.09918150301097,65.19109195127075,8.636094206254798,65.4571445700033,9.179017905279919
01-15,58.666666666666664,60.37722222222222,9.156054463213582,11.069203531409975,61.333333333333336,62.48222222222223,9.099387373593485,10.145516051529432,65.25036803150944,8.748583231646952,65.57106125431184,9.447648953273648
01-16,59.666666666666664,60.42888888888889,9.0194553445673,11.117232314883944,61.15,62.41777777777778,9.739848826979493,10.13349650448681,64.58387905509501,8.829194635904322,65.3514550113928,9.748052904852809
01-17,59.916666666666664,60.60555555555555,10.880291683885906,11.136215542085388,61.916666666666664,62.43555555555555,11.888913506616833,10.038703763754775,64.34267942105483,10.1031364391423,65.41613180421766,8.889566345140988
01-18,62.7,60.815555555555555,10.408550861406347,11.196352564702185,63.13333333333333,62.535,11.240270377571864,9.895036991728167,64.89131967614978,9.344655919608641,65.78412478640651,9.409495980690064
01-19,60.95,60.885555555555555,13.106559294937941,11.254950856570852,62.78333333333333,62.69666666666667,9.790638855325142,9.77253338791206,64.83116029977349,8.92659927343906,65.24169241253371,9.677416814358253
01-20,58.233333333333334,60.96611111111111,11.847255853756508,11.330638795758581,62.93333333333333,62.72,9.95657236870869,9.796396742908469,65.35526191148583,8.898296835920723,66.18798631099226,9.691250728669752
01-21,57.68333333333333,60.981111111111105,13.17618236095704,11.312871929181576,64.31666666666666,62.699444444444445,9.556982763415956,9.83010928360506,65.3369233708247,9.133918865891978,66.72677547382162,8.88948676666344
01-22,61.9,60.90277777777778,11.229118551706357,11.273289024426001,65.8,62.69111111111111,9.018754405930046,9.83510642679634,65.24474891891143,9.362910145540557,66.99926256603968,9.355691602385576
01-23,63.88333333333333,60.843333333333334,9.873059244761713,11.24625025620934,62.3,62.75666666666667,10.090623848661313,9.77119260309068,65.1829062935102,9.077450194460978,66.59583547067923,8.799193878730199
01-24,63.166666666666664,60.840555555555554,11.239043195664967,11.223505170900216,60.75,62.88166666666666,10.065946347068856,9.683882879898903,65.8568174785781,9.453396618793313,67.01943204613401,8.834794079586084
01-25,63.68333333333333,60.83500000000001,10.253244510324803,11.1251226799066,62.7,62.955,8.423694004987071,9.687908859558876,65.91454971418942,9.088424808629487,66.76661678192421,8.718443484414072
01-26,62.016666666666666,60.961111111111116,10.513114415464322,10.990162090596128,63.583333333333336,63.08277777777777,8.278642373012012,9.626155167373376,65.97985270363702,9.026300698671905,66.89232025667327,8.717678834802886
01-27,60.81666666666667,61.17833333333333,10.712933959611087,10.82138390353913,62.483333333333334,63.126111111111115,8.270724578745886,9.64140113771126,65.64119674909281,8.94293396796759,66.51563203955843,8.71799794282761
01-28,62.56666666666667,61.40833333333333,10.906130301849487,10.747787769889904,64.18333333333334,63.17,8.00482972027355,9.645951492769203,64.95842668492004,9.079883476737947,65.67480608338941,8.705225446614403
01-29,65.03333333333333,61.60666666666667,11.566101877628356,10.689915294507621,62.86666666666667,63.24666666666666,11.1664007516803,9.65459794866427,65.30393766356963,9.543563069758902,66.07360496168847,8.743795686230843
01-30,65.46666666666667,61.811666666666675,12.59579386098811,10.655529963909958,61.766666666666666,63.38111111111111,9.140411721404101,9.643035343466165,65.55741078534442,9.126102062473747,67.02272239957087,8.689848587712271
01-31,64.83333333333333,62.05833333333333,10.85669452881281,10.662247596433044,63.15,63.55444444444445,7.798264616854364,9.621579074194006,65.14103643880985,8.673823344827632,67.31171443669977,8.499317506187
02-01,66.18333333333334,62.29388888888889,11.977337316590958,10.676604811749796,64.68333333333334,63.78166666666666,8.334063186429676,9.595923889918115,64.71376556854545,8.613629744600972,66.98747827117752,8.48976264028983
02-02,63.483333333333334,62.431666666666665,13.157195050967186,10.646523869941836,63.666666666666664,63.93777777777778,9.996838580731174,9.535005554713726,64.65873517398498,9.380119787043578,65.92340474726304,8.62843447770181
02-03,61.18333333333333,62.44666666666667,11.442120714132571,10.671069868226699,62.4,64.0411111111111,11.337609064981244,9.477366360463416,64.95917805264523,8.839659760361439,66.23708108200651,8.55186638061483
02-04,59.916666666666664,62.565555555555555,8.286968720510089,10.57025046523815,62.36666666666667,64.19111111111111,10.482278422153275,9.449721708457979,66.24939075422606,8.748052233304005,67.02494466603483,8.182583384043918
02-05,61.4,62.782222222222224,8.338113571488128,10.478793768292496,62.75,64.37333333333333,9.43375268147159,9.402985651292166,66.39937716205566,8.421130247505985,66.47396580961296,8.617581695397902
02-06,59.733333333333334,63.08944444444444,9.677322703756635,10.327012509016194,63.7,64.59055555555555,9.576011695899288,9.323324040537027,66.33626731117226,8.18741298095305,66.14849841163003,8.95942817139469
02-07,57.95,63.26777777777777,10.834451754822958,10.249845276472657,64.45,64.80222222222223,9.420584578098293,9.223756918884112,66.93767082237079,8.554951894326537,66.80670326010772,8.691870495082343
02-08,60.0,63.27166666666666,10.424606169688305,10.284314351163005,64.95,65.11222222222223,10.024409863101573,9.155337991774067,66.73962440016689,9.095512379701546,67.11721130729087,8.220977479961917
02-09,60.983333333333334,63.33888888888888,9.511774312646017,10.247167575017249,66.55,65.38166666666667,8.572560475345078,9.087667755602984,66.9915470379968,8.443526345932797,67.9781885427175,8.121384209626047
02-10,62.61666666666667,63.39777777777778,8.68776719592409,10.218801589703045,65.51666666666667,65.55888888888889,10.42169763566355,9.096728073043908,66.38436130769138,8.286486112190813,67.56117192234699,8.101518128583042
02-11,63.95,63.48777777777778,8.864254057730971,10.150993158436366,65.06666666666666,65.74444444444444,10.550153891125804,9.07971865353769,65.17388806203303,8.264655088404337,67.56845450145074,8.194196152513781
02-12,62.266666666666666,63.669444444444444,10.382124336913252,10.104799779355359,63.666666666666664,65.88277777777778,11.110210691485351,9.097603143705918,65.48298317103206,8.604580748108626,67.60312100512832,8.332746270430254
02-13,63.5,63.800555555555555,10.742278702590893,9.994970234329505,64.51666666666667,65.96111111111112,8.499983096670137,9.179031495306608,66.32560621228933,8.167986481134086,67.67663189643208,8.170609795231007
02-14,66.06666666666666,63.875,9.357583438906218,9.895499881818349,66.53333333333333,66.17944444444444,8.455699295428651,9.063681150833757,67.95253629759439,7.997398383384464,68.33845556266839,8.106534799579379
02-15,66.73333333333333,63.92388888888889,9.450171804069852,9.763508901473013,67.96666666666667,66.46333333333332,8.970193298702766,9.078533564824665,68.824968184771,7.966936646468806,69.33249076648906,8.3658047850451
02-16,64.05,64.04333333333334,9.977863429647133,9.683174810257855,66.6,66.68666666666667,10.061363450485159,9.132726786974244,67.80495843296622,7.893541856680338,69.27504873873828,8.32347129663165
02-17,63.15,64.13000000000001,11.14493080995215,9.58385625627141,66.23333333333333,66.7988888888889,9.511094550062566,9.158301272345096,67.13763546862056,8.13551118508792,69.03843896429318,7.890495416196964
02-18,64.51666666666667,64.32166666666667,10.081977205281518,9.483798364655046,67.28333333333333,66.88166666666667,8.961299295162025,9.140182921701792,67.75332544572517,8.366705694546532,68.88501576995094,8.108438450753649
02-19,64.73333333333333,64.53166666666667,9.103554945386893,9.382326028375843,68.4,67.14111111111112,8.554490653734323,9.001893695072102,68.64540851528143,7.602612234895798,69.43257445752452,8.107422472440524
02-20,66.9,64.74444444444445,8.622744582668041,9.430886627786673,70.83333333333333,67.39388888888888,7.1671344407618,8.922837879576074,68.13841263657106,8.012187863926519,69.8976750899364,8.218320433465381
02-21,67.25,64.92611111111111,8.914101575400167,9.510574443367938,72.15,67.65,6.031740756342592,8.856388128895937,68.28800314814389,7.553775558567483,69.63807114081263,7.858030630017665
02-22,64.0,65.20944444444444,10.907131485472215,9.432230645475071,71.6,67.87222222222222,8.038056035359947,8.81181508435623,68.92614749156112,7.525941871564887,68.55122401108768,7.569079927503768
02-23,65.18333333333334,65.59111111111112,10.124639911292318,9.328850452703389,68.83333333333333,68.13722222222222,8.035839261936363,8.779803994805587,70.17519694634748,7.548427400205602,69.29443518052234,7.738303694062173
02-24,65.45,65.985,9.402264950898616,9.23857688592006,68.01666666666667,68.33888888888889,8.695503528214761,8.734066563406458,70.16402024518393,7.225580921105111,70.36004475108484,7.731612604424833
02-25,64.71666666666667,66.37388888888889,8.478861477463997,9.218344832975786,69.15,68.47277777777778,7.768359787825452,8.71164618342598,69.59228553560422,7.90715214370911,70.09216513119827,7.7920254727233775
02-26,66.26666666666667,66.70944444444444,9.32713258718083,9.216879166156392,66.63333333333334,68.63166666666666,8.807259283792773,8.631915454433736,68.75463844734524,7.767440165051472,69.30127677807977,7.608988405391206
02-27,66.5,66.99111111111111,7.611243951073876,9.22052150676364,66.53333333333333,68.86611111111111,10.447680268294283,8.555618707086062,69.30886372312065,7.562326462490006,69.72787130601888,7.846619892307268
02-28,67.26666666666667,67.33833333333334,8.581991302293638,9.182624258778027,69.41666666666667,69.14055555555555,7.7058904174947145,8.45271259083887,71.38061897157212,7.545935120460113,71.59779732773407,7.592431332975261
03-01,66.93333333333334,67.64277777777778,8.636064450628092,9.099036098560651,70.28333333333333,69.39277777777778,9.585984141131412,8.429024558095563,72.19386366550799,7.363689296723399,72.31384777233154,7.50954765482455
03-02,68.41666666666667,67.81666666666666,8.446671792357987,9.040775067750165,69.85,69.575,9.42406128134165,8.406551209454927,71.87325606108762,7.6207602559043846,72.98193601066204,7.587094416710423
03-03,68.78333333333333,68.00277777777778,8.9977806969977,8.951443441121393,68.05,69.74888888888889,9.101297747555305,8.386413695859261,71.02905644857421,7.618393084703778,72.8645541616491,7.724892494413981
03-04,69.23333333333333,68.33333333333333,10.15545830247623,8.864263168054906,66.15,70.01333333333334,9.453288061432048,8.278208676444626,71.83881220459554,7.2554946661975,73.35449392643234,7.735736696035226
03-05,67.48333333333333,68.67444444444443,8.397950625756483,8.74468086998715,70.18333333333334,70.32166666666667,7.188932266090495,8.162150799810972,72.86601687457504,6.79240428265767,73.6285717410009,7.512236358327275
03-06,66.3,68.94833333333332,9.743786702835035,8.67292688460525,69.95,70.49166666666666,8.11060395727249,8.139520498813582,72.61073267042411,6.7713160367486385,73.55434851417635,7.468977051669457
03-07,66.85,69.16555555555556,10.728748038926009,8.667320123260982,70.43333333333334,70.63722222222222,7.440260161067482,8.080818191324026,73.51484368431557,6.466036237751552,73.65755726871586,7.289996407426656
03-08,68.23333333333333,69.22222222222223,7.327008766970624,8.667586602846702,70.36666666666666,70.74055555555556,8.238820359708074,8.073464095623237,73.40385475483994,6.798139439758828,73.54127413167276,7.015492504001626
03-09,69.4,69.36777777777777,7.733045971672481,8.588227026131952,72.4,70.84111111111112,8.46025189157899,8.079480812750015,73.68609144187579,7.192100489012491,73.19751268599285,7.583891233962697
03-10,71.81666666666666,69.63777777777779,7.716399166188466,8.46907255461683,71.0,70.98,8.652286921127686,8.01891618392533,73.21550179527564,7.085643242215217,73.40720665072237,6.872683824021875
03-11,72.65,69.86944444444445,8.904812724317813,8.359431944376963,70.56666666666666,71.24833333333335,7.899949075930739,7.972149475936989,73.50247700622748,7.334545673605525,74.35844431149887,6.847304550597079
03-12,72.68333333333334,70.025,8.643797191342326,8.27140840787484,70.28333333333333,71.45777777777776,8.029775765896243,7.946497704811266,74.04362480056385,7.273608947418601,75.51755158319736,6.920963443722302
03-13,72.4,70.28500000000001,8.973524275948355,8.181684654034896,72.1,71.66000000000001,8.261251470695528,7.928745268613773,74.07454418227472,7.264648433259566,74.71181829971988,7.119219353838631
03-14,72.68333333333334,70.57944444444443,9.245206897344843,8.060173296111161,71.9,71.97277777777778,8.023027204069633,7.864632238015222,74.36879600928526,6.825210247057003,74.24498270887756,7.535231422848607
03-15,72.63333333333334,70.87555555555556,8.234633896069628,8.009963464425761,72.08333333333333,72.27944444444444,7.789342114370933,7.724023759293731,75.25577079526381,6.767779126209293,74.65366951295215,7.5106043347615365
03-16,71.28333333333333,71.08333333333333,7.6097525145916105,8.032024543024795,72.0,72.45833333333333,7.781498836209578,7.6903251751314805,75.32664382397778,7.064724882004376,75.36444110968695,7.248479392576849
03-17,72.31666666666666,71.31722222222223,6.770223005206688,7.954216383356552,73.18333333333334,72.61500000000001,8.36606789083277,7.592051538401031,74.73304031774795,6.962390130900797,75.05562755110036,6.571320840828625
03-18,73.96666666666667,71.55833333333334,7.362455237652501,7.839450841059996,74.53333333333333,72.81277777777778,6.815212868046129,7.467070528422198,74.60208260076774,6.824148444763531,74.91519457959613,6.54242603029784
03-19,73.38333333333334,71.77777777777777,7.557461867919512,7.744862281088187,75.48333333333333,73.1211111111111,6.029358251052956,7.366858554989311,74.12086763013491,7.026311160941185,74.31658161371979,6.987514523995716
03-20,72.73333333333333,71.97555555555556,7.929357643824509,7.646650664938591,72.38333333333334,73.51777777777778,8.282390265240297,7.240937075174104,75.07728011163844,6.516377373236549,75.12781245785833,6.995525206820586
03-21,71.25,72.22,8.935352105058833,7.578149216143073,72.76666666666667,73.70722222222223,6.793421429047641,7.207109412388545,75.0445931290692,6.716244362747715,75.55994719759077,6.566261383012019
03-22,68.6,72.4738888888889,8.630738970239673,7.44978435842414,73.93333333333334,73.8711111111111,6.946511569738124,7.170701504118418,74.6692044721789,6.78260669858505,76.0514103005531,6.235145554253813
03-23,71.61666666666666,72.71333333333334,6.533314273957654,7.266408405239713,75.16666666666667,74.05277777777778,6.212242270145986,7.142047656403492,74.57815903687386,5.995934785425535,75.33144771955035,6.0013815555134915
03-24,72.1,72.94722222222222,7.332497340018564,7.224543416409315,75.76666666666667,74.27222222222221,6.221117170619343,7.117222915141914,75.61198873844735,5.970278050867465,75.75708147348072,5.348171877402683
03-25,72.13333333333334,73.20277777777777,6.835421604096349,7.139411599851408,76.88333333333334,74.39222222222223,6.63283802228617,7.080593262679191,76.4543089194514,5.908024896791958,76.74071547270226,5.817107568903869
03-26,70.11666666666666,73.32444444444444,6.761558855834914,7.078862688090463,74.3,74.58444444444446,7.925950394443066,7.037669117102421,76.31655676261109,6.334218692418711,77.37898306645205,6.098432405040934
03-27,72.51666666666667,73.39333333333333,5.78714886226568,7.03828631761652,75.21666666666667,74.85944444444445,7.235786701900641,6.9538687639758665,76.20917719018303,6.269310216143806,77.21503402910733,6.104146728470081
03-28,75.1,73.50555555555555,5.681791849468761,6.970545595686695,76.01666666666667,75.16555555555556,6.883868365836238,6.815674528304524,77.11513373234983,6.4593122933198694,77.61049810929002,6.145132229615451
03-29,75.38333333333334,73.65,6.104949000511845,6.8638981171519475,75.73333333333333,75.38055555555555,6.2294259066495705,6.682015157077882,77.85349269270198,6.1311265938845265,78.64810674369984,6.113935742880707
03-30,73.5,73.82444444444445,9.243823660264674,6.723370146452441,74.78333333333333,75.60833333333333,6.694932892627208,6.62232068439997,78.16247471031522,5.838767533537917,79.20835418231295,6.269272978440819
03-31,73.95,73.99111111111111,6.3018196605808035,6.608199218525368,74.98333333333333,75.78722222222223,6.637775039217918,6.586340566872498,77.81666151537446,5.477156677752747,78.59518927647876,5.9129808990353885
04-01,75.65,74.20944444444444,5.003705523461312,6.526209048956449,75.78333333333333,75.94000000000001,5.674630981976656,6.561522302786705,77.75113743149873,5.621274820389613,78.54598484370102,5.521384009225567
04-02,75.36666666666666,74.38166666666666,6.160123897843418,6.483867411337426,77.3,76.05777777777779,6.094938544568699,6.48172609577028,77.52448807326373,5.686042656260866,78.80307518030182,5.687530951064561
04-03,75.16666666666667,74.55444444444444,7.209109817988353,6.380896014728454,78.05,76.18833333333333,5.6756436669758195,6.4392831618096515,77.30063664760382,5.453732077346092,78.71521460329372,5.557065613633767
04-04,74.81666666666666,74.77777777777779,6.342907161890976,6.279908993540286,75.86666666666666,76.31277777777777,6.174102382523717,6.399934382952962,78.11872274814388,5.640717696361746,79.3049672277948,5.724225304501852
04-05,73.91666666666667,75.0,5.892840971267057,6.187714825587922,74.86666666666666,76.58944444444445,7.018366709168725,6.278134851039437,78.49793213938084,5.942270046906547,79.30308480381828,5.977157461457787
04-06,74.03333333333333,75.28333333333333,5.22746944339316,6.064986027685069,75.88333333333334,76.84055555555554,6.580644729619687,6.223035517205385,79.06109730300282,5.451854448926867,79.87896684223465,5.723295767644728
04-07,75.25,75.69833333333332,6.0710591020586895,5.925033106739417,76.95,77.04500000000002,7.494078121860731,6.1434665110616145,78.80799142027512,5.492878328298605,79.83029279192235,5.474043194419719
04-08,77.06666666666666,76.01500000000001,5.1790914749352615,5.861858614852258,76.0,77.25944444444444,7.361362317697296,6.072032719151191,78.65268844484892,5.386308400373969,79.605451982543,5.398427489321753
04-09,75.46666666666667,76.30722222222221,5.899931813360121,5.750554881364112,76.76666666666667,77.40833333333333,7.364562553824591,6.046538980481183,79.67232674977822,5.3492541313939626,80.2938529973285,5.1493315791282335
04-10,74.71666666666667,76.58111111111111,7.687521610099522,5.676718366446634,78.81666666666666,77.51944444444443,5.385938482134108,6.005572225637979,79.917607741684,5.109051813234934,80.18701950328898,5.339608291426026
04-11,76.05,76.94277777777778,6.611575533447587,5.580353350430783,79.46666666666667,77.73666666666666,3.883948695755959,5.918542074959534,79.7687661567782,5.089575734713204,79.37226856780035,5.774839358546216
04-12,76.73333333333333,77.23444444444445,5.774099919905914,5.513600802811157,78.55,77.92944444444444,4.251470333896269,5.827699987969107,79.53658179482875,5.129015008570812,79.69231251602176,5.486588209031662
04-13,77.91666666666667,77.40777777777778,5.029367776359676,5.49958909903599,78.73333333333333,78.08833333333332,6.232193023732298,5.735931030769265,80.0588351680829,5.122826337911065,80.85408099019863,4.90610440607587
04-14,77.63333333333334,77.60999999999999,4.779506058257436,5.470142691575954,77.45,78.25555555555555,6.709938588546762,5.701640594409783,80.42139543919478,4.961510244774832,81.30435848243205,4.3907711138584915
04-15,77.83333333333333,77.86999999999999,5.150047427524054,5.311893858900832,76.58333333333333,78.485,7.0369509136357875,5.643196601996056,80.6155368131488,4.689605441756193,81.46488606413229,4.506439365590168
04-16,77.48333333333333,78.11277777777778,5.499973876635976,5.266809303833572,76.71666666666667,78.67,5.9721816803399905,5.5865764408044765,81.09937423956444,4.723767206699698,81.70897698722192,4.454182333760947
04-17,79.15,78.295,4.2733133393833524,5.237573242353234,78.45,78.8711111111111,5.541924849227275,5.540022669959447,80.9625369541616,4.783850020755345,82.02764001052383,4.510457075148884
04-18,80.08333333333333,78.455,4.527851232274445,5.130529004238965,79.21666666666667,79.02277777777778,4.848894885352265,5.498929768584977,81.0875969410831,4.748922789789757,82.7020764841415,4.259265855863034
04-19,79.4,78.595,5.163532605253621,5.077048622221491,80.68333333333334,79.16499999999999,4.6284043078345665,5.469811275199345,81.26179344045373,4.543977394139561,82.63446885698329,4.318512564559848
04-20,79.75,78.78999999999999,5.253488167973205,4.988587193459102,80.3,79.37222222222222,5.140441414026075,5.455247182804134,81.35603363883604,4.379409582482616,82.41626352317905,4.7075160596634875
04-21,81.05,79.04722222222223,4.43215134187015,4.89891678513794,80.06666666666666,79.66555555555556,4.559441385425014,5.400718162812184,81.86590169540924,4.701865836566473,83.0331408729359,4.601069467626714
04-22,81.11666666666666,79.3288888888889,4.638079517342862,4.8730617170172605,81.6,79.93166666666666,4.069228512833264,5.327247702852505,82.11987260633835,4.549657458503103,83.56979210129585,4.473940716713866
04-23,80.86666666666666,79.58111111111111,3.9933853353741875,4.784700821275228,80.23333333333333,80.18388888888889,5.45630501051913,5.216233184815462,81.99666260361323,4.75563985646753,83.66990756566884,4.242578588948722
04-24,80.35,79.77888888888889,4.620326156572008,4.720783909764177,80.21666666666667,80.48888888888888,5.4038353769900525,5.092240907722347,82.07706736308684,4.747173149764346,83.53675751600872,4.210379904238468
04-25,80.96666666666667,80.03944444444444,3.870608375359395,4.646803683069645,80.81666666666666,80.74222222222221,5.31504587408972,5.002607696818095,82.54678781365905,4.435460710019901,83.77516807651581,4.152229736783329
04-26,81.26666666666667,80.28111111111112,3.7845724336769044,4.53949130872478,81.0,80.92722222222223,4.510524092187833,4.985017071423155,82.99590327000455,4.452292655340463,84.13032461261243,4.152952519413314
04-27,80.3,80.51666666666667,5.261440736213766,4.441084927439933,80.78333333333333,81.11055555555555,4.1307996498409905,4.9954709017784,83.90174336271244,4.031782336928127,84.82864494593257,4.068442516338683
04-28,81.45,80.74333333333334,5.221556776710732,4.371630467655405,80.75,81.32833333333333,5.200712815865095,4.98211679225465,83.67896266978997,3.878077100613607,84.69442973373384,4.285794030220648
04-29,81.3,80.89666666666666,4.496358680011011,4.370909005748907,81.66666666666667,81.55111111111111,4.941613120215413,4.8992588335434615,83.56499112822519,3.7023584987178126,84.77321059017358,4.0874554316802545
04-30,81.23333333333333,81.09944444444444,4.9492830085630155,4.341408049634342,80.53333333333333,81.82777777777778,4.939170203470478,4.79655381897436,84.01996937117634,3.689752862549723,85.25868929496582,3.835470517687803
05-01,81.11666666666666,81.295,4.126623679051166,4.295044029533909,81.81666666666666,82.08888888888889,4.278017856625804,4.7235237706351585,84.55370123714806,3.5488022466999323,85.44525865789767,3.7438814503307505
05-02,80.16666666666667,81.51888888888888,2.948796754415364,4.245875645629364,81.85,82.36722222222221,4.862151503334637,4.648844852651093,84.56008171024013,3.8603380832244993,85.25094578051412,3.9601146141416406
05-03,79.36666666666666,81.68888888888888,5.604698357464108,4.225338024635984,82.31666666666666,82.60722222222222,4.802088865406821,4.594479705134011,84.6011054596,4.02479102270617,85.24307921137026,3.9205076150114406
05-04,80.66666666666667,81.84333333333332,3.6890642990193134,4.1959170513647495,82.08333333333333,82.80166666666668,5.73717961066738,4.598441234346967,84.56963000280976,3.9655296577694847,85.60533138954892,3.858852570626777
05-05,81.63333333333334,82.03,3.202728721632201,4.1328706127110175,83.66666666666667,82.98,5.3824961094102255,4.583942894810984,84.81878225219701,3.7874832173030835,85.95066983870723,3.53892336471899
05-06,82.48333333333333,82.19166666666666,4.451817399772764,4.109651664104569,83.86666666666666,83.19555555555556,4.376530930829313,4.539504274254471,84.80774285165354,3.5872815727459724,86.07593402099047,3.2419849169582555
05-07,82.81666666666666,82.29722222222222,3.420232229797729,4.115271813041288,84.51666666666667,83.42055555555554,4.16364258074946,4.517766060579303,85.32423100401135,3.621182671548665,86.52578486292705,3.210904663262225
05-08,83.0,82.42944444444444,3.261584129603703,4.112735601193094,85.15,83.56888888888889,3.6415940049038453,4.5354628162361035,85.49906216320122,3.4388540607632274,86.35491167314329,3.423407991713821
05-09,83.28333333333333,82.59666666666666,3.6805250125241775,4.09023610532854,84.36666666666666,83.81611111111111,4.6755662266970335,4.465273662853204,85.99291410416409,3.1904325340174866,86.58548098210558,3.5672365056813526
05-10,81.96666666666667,82.79388888888889,4.468150379753567,4.016780458703062,84.36666666666666,84.08277777777779,4.858219720285896,4.404906380548538,86.30433468690003,3.3765913123375113,87.41458495869752,3.353344476482676
05-11,83.11666666666666,82.9661111111111,3.6593840949021716,3.9942482963702597,84.96666666666667,84.3,4.197563606413281,4.35877686855264,86.45333635048517,3.33595758300066,87.56946537784371,3.3566549597194397
05-12,83.53333333333333,83.13444444444444,3.6904661263700937,4.001392093221791,85.08333333333333,84.54333333333334,3.8508470481838057,4.313617006627783,86.67816513853204,3.2023768788394564,87.81602873405458,3.318508017254574
05-13,82.51666666666667,83.37055555555554,5.007723919164745,3.972729856932643,85.41666666666667,84.78833333333334,3.746454262396627,4.299250287247273,86.4891930975169,3.2436452913357336,87.81705843822928,3.242883603018135
05-14,83.71666666666667,83.55277777777778,3.894477374820473,3.9150637784883884,85.75,85.05333333333334,3.6287881514737004,4.2463648081401395,86.68045996913541,3.4982704032238288,88.0630633581277,3.042362997880752
05-15,83.7,83.72055555555555,3.7591268245110583,3.8888530256092664,84.41666666666667,85.26444444444445,4.84604946345978,4.197776149561144,86.88883629177334,3.3980835612722133,88.33405235128265,2.920538602651815
05-16,84.2,83.88611111111112,4.0249223594996195,3.882027152174361,85.06666666666666,85.4738888888889,3.731814140818003,4.204254908982659,87.14641101345988,3.429963205503204,88.47605383400206,3.183689672314475
05-17,84.25,84.07555555555555,3.6571847095819487,3.884983865488572,85.65,85.67833333333333,3.9109704237148604,4.208351672097008,87.39673741835942,3.2626947604914713,88.74142417899894,3.230500291228162
05-18,84.71666666666667,84.27722222222222,3.6452220341374173,3.9226337300042204,85.05,85.9011111111111,4.967740761740899,4.1977057039339805,87.99483062828718,3.271883729925506,89.26549355128982,3.137389438237358
05-19,85.0,84.53166666666667,3.2721394456416633,3.853336025389618,86.03333333333333,86.14055555555555,4.19345412175505,4.167327722357245,88.73075721914743,3.1076947254601666,89.72281090561475,3.0795465471630243
05-20,84.6,84.74722222222223,4.556919709779765,3.8511828767010385,86.76666666666667,86.38222222222223,3.807282797330713,4.100835912003253,88.48307077928506,3.155333798187274,89.70434963423102,2.87237512779429
05-21,84.21666666666667,84.96388888888889,4.600755809971718,3.853666219143524,86.81666666666666,86.57055555555556,3.907294975169989,4.044633307077542,88.50472398122447,3.183291875252399,89.77781152413986,2.9834860554363716
05-22,85.08333333333333,85.14166666666667,4.561993161897045,3.8290292153994963,86.05,86.75222222222222,4.600131182537256,4.015578331153526,88.56285105319124,3.227070602992234,89.92216311788614,3.2037913238359423
05-23,85.88333333333334,85.305,3.31840045943756,3.8598349581811076,87.65,86.89555555555556,3.3506304090321524,4.010731626867041,88.83357028670467,3.0248054887669586,90.18259880372773,2.9875439834844495
05-24,86.26666666666667,85.48277777777778,2.416656757807669,3.879122112182513,88.21666666666667,87.03111111111112,3.5928169078500685,4.00064911146761,89.14116404902366,2.9022823115242975,90.4240073938845,2.786857649706639
05-25,86.13333333333334,85.67833333333334,3.19464350537533,3.8641972554409936,87.33333333333333,87.19555555555556,3.9311605142127934,3.9608956860022646,89.50851227672312,2.981457240809124,90.79792720001188,2.8213035167778595
05-26,86.31666666666666,85.92444444444445,3.9988863392228318,3.797975014428762,88.3,87.35722222222222,3.1557282344421136,3.9393351457234718,89.58968518704904,3.1934839422885797,91.00773742866272,2.830524468800198
05-27,87.38333333333334,86.12166666666667,4.401573647539328,3.766538112362515,88.13333333333334,87.51055555555556,3.699798068425697,3.9415628305281043,89.25935806854415,3.1046092885755603,90.82912442520676,2.7265769820258807
05-28,86.91666666666667,86.28222222222222,3.4915744233830917,3.7672536823572695,88.7,87.6638888888889,3.6141484426510804,3.9289599071029437,89.22497857969614,2.938946686440116,90.92309776687881,2.7399015429105225
05-29,86.33333333333333,86.50555555555555,3.710036093637359,3.705710027613519,88.0,87.81055555555555,3.4839533628455595,3.934321264195389,89.55459096359705,2.614519882905729,90.95380182784137,2.6834952624801662
05-30,86.2,86.68166666666667,4.744506805515849,3.6921907368011295,86.81666666666666,87.96277777777777,5.133532986115923,3.916426134496322,89.86998195618101,2.6871074556656236,91.3879903307966,2.796183160817583
05-31,86.8,86.86222222222223,4.215325078477504,3.663939180301193,87.95,88.17833333333333,4.400920750056268,3.851151031043407,90.07537731307721,2.9283004242136568,91.60972284301079,2.738616601199318
06-01,86.21666666666667,87.03333333333333,4.078292689884806,3.6380826435265305,88.53333333333333,88.37555555555556,4.542772458443816,3.8197577962539335,90.35666710521541,3.0233351044241523,91.85056581407026,2.6936546358382554
06-02,87.0,87.18722222222223,3.52576721902604,3.621306704401627,89.5,88.56,3.8907494181047775,3.7900112080254105,90.74791271513483,2.7638420019861947,92.12182047001644,2.4396988179556613
06-03,87.13333333333334,87.33055555555556,3.6244698383619345,3.6144772074622398,89.33333333333333,88.74777777777777,3.742425300047634,3.7337090306483773,91.01664569704243,2.56497100605184,92.32468852391459,2.321867679627828
06-04,88.13333333333334,87.44888888888889,3.2772289949067437,3.6496671233037525,89.31666666666666,88.875,3.696417961638867,3.723777567795092,91.2474377344074,2.4972992224891173,92.32094147881055,2.499876539145561
06-05,87.81666666666666,87.5838888888889,3.7127072874519516,3.6657616576846785,89.31666666666666,88.99888888888889,3.5048816531088254,3.683358161607475,91.2312491082827,2.5022931403160906,92.46693338590943,2.5651482579496694
06-06,87.71666666666667,87.74444444444445,4.34440451324605,3.6569020888632906,88.81666666666666,89.13111111111111,4.018241452154931,3.6572151661149053,91.30722772220514,2.5818955466438087,92.5036263142587,2.6502490948655035
06-07,88.33333333333333,87.87777777777778,3.840198749645858,3.64108841089373,89.21666666666667,89.30388888888889,3.3391185429209034,3.5932273183978385,91.28209028939514,2.588915582991234,92.72174982834088,2.616559401955159
06-08,89.15,87.99499999999999,3.232779310278622,3.62828635918246,89.3,89.39666666666666,3.482963462736672,3.591113292302697,91.20249191429204,2.6253394315957466,92.63194090066638,2.836283615498648
06-09,89.35,88.09833333333333,2.4814831493866047,3.6525876618218405,89.21666666666667,89.49499999999999,4.211403511922111,3.609992351770563,91.40827186163602,2.6267295398323287,92.6891852430465,2.7603279747983445
06-10,89.03333333333333,88.20055555555557,2.7162770329147645,3.681259447438659,89.56666666666666,89.63277777777779,4.264394150552253,3.6095236924327585,91.55810446526127,2.6803715869088696,92.83618222300386,2.539023301521469
06-11,88.35,88.29444444444445,3.711933226212735,3.6642543668134597,89.68333333333334,89.73388888888888,3.472759345428996,3.62430507674401,91.83947162324826,2.602799637887809,93.06277827788671,2.5274668858183205
06-12,89.21666666666667,88.38000000000001,3.1614142768522195,3.633860690404849,89.81666666666666,89.82444444444445,3.9072949751699704,3.6409805269932636,92.073894374792,2.5351503632823476,93.15534958840327,2.524104528365446
06-13,89.0,88.46222222222222,3.4888986504487964,3.6381120204970925,90.31666666666666,89.89944444444444,3.091934260501706,3.6452577019574006,91.98274499209644,2.66284540454965,93.09579242614984,2.5130153848423133
06-14,89.11666666666666,88.57777777777778,2.9115801295129655,3.6308724786863342,90.88333333333334,90.00166666666665,2.8877963598723246,3.6448224920338057,91.91647993537788,2.5985176775286907,93.11726728216989,2.4997408006690702
06-15,89.33333333333333,88.67166666666667,3.2492262562597554,3.6207930729705575,90.98333333333333,90.15055555555554,2.790017097133796,3.5824843840778473,91.97368817289765,2.496241509486821,93.3405739194466,2.4996633358948688
06-16,88.86666666666666,88.78444444444446,3.153906535834821,3.595875271762659,91.18333333333334,90.24,3.018572776859166,3.593654357728396,92.12971611844522,2.53636107858046,93.43027245272036,2.4955234014991725
06-17,89.01666666666667,88.93,3.440337125955811,3.5810764181407015,90.68333333333334,90.34166666666667,3.2786754404299066,3.5592709708108656,92.38441481031397,2.3768414647736935,93.57858957420784,2.5364624617865474
06-18,88.55,89.05,4.327836920887051,3.584641038858955,89.85,90.42666666666668,3.895510236156489,3.5394686792494574,92.48768430163081,2.275174968735091,93.63239213944634,2.347044289118099
06-19,88.65,89.175,5.0397557412075535,3.561860023631042,90.48333333333333,90.50666666666666,2.594700611702213,3.5331182973756854,92.57957983441334,2.406990183450783,93.5296513812984,2.5009956244050877
06-20,89.03333333333333,89.25,4.3349687453300625,3.5641808824529155,90.78333333333333,90.5911111111111,3.1230051103928993,3.5001520024941457,92.56742984749779,2.512371926660614,93.53137119421835,2.5357102163487917
06-21,89.08333333333333,89.31444444444445,4.0875828228102415,3.5547896229402003,91.23333333333333,90.63388888888889,2.680495751025247,3.529368846174651,92.5871788403178,2.505032413279852,93.75542658293276,2.5422184117169064
06-22,89.4,89.36277777777778,2.9343389080994386,3.5408685471867685,90.43333333333334,90.70611111111111,3.287209626177914,3.551313470859831,92.6011443096357,2.5884159524222627,93.93172741377701,2.4660414968091016
06-23,89.36666666666666,89.41944444444444,3.1456958369891006,3.556162729342932,91.16666666666667,90.775,4.159188691886033,3.5841600456223737,92.7132600121404,2.5273531507280933,94.04385595152229,2.503234351858229
06-24,89.2,89.4888888888889,4.054797073879879,3.530256166578381,91.46666666666667,90.82333333333332,3.91710073407867,3.600149559786584,92.82731457589826,2.6557320027493163,94.15046000229827,2.514767994309558
06-25,89.13333333333334,89.52277777777778,3.4887339204668617,3.568117641379852,91.33333333333333,90.91555555555556,3.599169763779652,3.5599114236664806,92.96801608225574,2.8444501453040143,94.24625152925523,2.5465460823381436
06-26,89.95,89.53444444444445,3.489763355280995,3.602118941261413,90.85,90.97722222222222,4.200061575903299,3.5479051161291175,93.08916289992484,2.798518783539233,94.3177908836885,2.5048992914450543
06-27,89.38333333333334,89.56166666666667,3.619114326150408,3.616889208828851,90.95,91.07222222222222,3.7424636915751965,3.5316599749891666,93.01220498892312,2.6218159860506973,94.3178045093437,2.4997671951176774
06-28,89.8,89.61166666666666,3.492849839314597,3.620815441681534,91.06666666666666,91.17166666666667,3.4708970651377156,3.4965674257889647,93.02373503707891,2.556015064432634,94.37760808128166,2.400472440395039
06-29,89.01666666666667,89.66444444444444,4.4421246340425675,3.612627192380586,91.28333333333333,91.24222222222221,3.263389747437168,3.5043800987512634,92.97744256016257,2.5447783918993387,94.17794465332469,2.4219814824434103
06-30,90.18333333333334,89.69833333333332,3.467791042240532,3.6377305466608303,90.63333333333334,91.23222222222222,4.7360199595727295,3.527752745982091,92.80856821351598,2.523008910051856,93.99479874083873,2.5876613514614273
07-01,90.58333333333333,89.73611111111111,3.6343270812260893,3.634917038076614,91.58333333333333,91.23166666666665,3.5112708509179122,3.5620534699144026,92.8142017375056,2.4571807861984394,93.97534035419969,2.70642924881082
07-02,90.6,89.78833333333334,3.632705840573653,3.6534082089999442,92.05,91.24499999999999,3.2966806712625236,3.5690988317382053,92.85240792172712,2.5354503137492173,93.91073663358607,2.7037616999926386
07-03,90.88333333333334,89.79722222222222,2.941039381524525,3.6716811450617404,91.73333333333333,91.27944444444445,3.5519138438344626,3.5545651669490153,92.97832382868775,2.4946525409981968,94.00084097427822,2.7971420908462776
07-04,90.38333333333334,89.83222222222223,3.3468547595629543,3.621741448089984,91.85,91.33055555555555,2.7074291151926833,3.5441550377333213,93.04113168168224,2.3758322980662987,94.07865778811241,2.5572226091349646
07-05,89.75,89.88222222222223,3.430969502070507,3.551829821497085,90.6,91.39388888888888,4.381386963523995,3.5258493704057656,93.20152225806689,2.2042668265159,94.0396621605417,2.3019924574736823
07-06,89.16666666666667,89.89611111111111,3.926772240643081,3.5178286918724813,90.98333333333333,91.43888888888888,4.676580192710315,3.55024874411486,93.31033118097064,2.2102256443293746,94.1590179452222,2.398008281557705
07-07,90.03333333333333,89.92,4.299024214330773,3.4917482099960897,91.28333333333333,91.46166666666666,4.324515785797194,3.5655862815031947,93.38458823056047,2.311513152825145,94.19982732672668,2.5409337786952033
07-08,91.23333333333333,89.94277777777779,2.455582427342088,3.5074056737048322,90.75,91.50944444444445,3.9626488876629677,3.539625186315289,93.36073593194567,2.289276213991991,94.14917163196718,2.5761577828709163
07-09,90.36666666666666,89.96000000000001,3.617327393430733,3.5250770637540607,91.98333333333333,91.50444444444445,3.0042594283190307,3.527422388400445,93.21616602562526,2.3466827469997806,94.07684880679258,2.574812743047854
07-10,89.38333333333334,89.99499999999999,3.7363160293615914,3.4829451923325148,91.41666666666667,91.51833333333333,3.9042049244313493,3.48997644517925,93.23517108229983,2.516093874183114,94.14641774112246,2.5646694348238697
07-11,89.16666666666667,90.01833333333335,4.155041253235877,3.4889981318776395,92.53333333333333,91.53,2.9854051112304614,3.492594561220813,93.4278785120163,2.591388027083717,94.38057153565559,2.4981753289206305
07-12,90.71666666666667,90.03555555555555,3.279201262432702,3.4603123763288326,92.8,91.545,2.854518499163923,3.4627647875746517,93.34795266146317,2.5162572968590875,94.45693378058905,2.3785616178744604
07-13,90.58333333333333,90.06833333333333,3.2432511714203627,3.4185724849317505,92.43333333333334,91.54222222222221,3.3263144493706696,3.4786858058863532,93.16710711821042,2.3391219730724435,94.44312087842071,2.286972899609322
07-14,90.13333333333334,90.09444444444445,3.6646807579202956,3.3780907167773724,90.58333333333333,91.59833333333333,3.5889757767971577,3.4654260225268754,93.04980935158541,2.3294625014258,94.32068522233862,2.2877740539534672
07-15,90.46666666666667,90.16555555555556,3.1648209987332607,3.3375122102569663,90.96666666666667,91.62222222222223,3.819038815103139,3.4690904755561704,93.08229806889703,2.4799041387372998,94.2409894393998,2.317841649089719
07-16,90.43333333333334,90.19333333333333,3.708641663534744,3.348885196050128,91.58333333333333,91.66611111111112,3.229933631573243,3.409420497437579,93.28273382269268,2.4907006133133778,94.41600111984599,2.3144692329913084
07-17,89.28333333333333,90.15944444444445,3.9885252078096896,3.4106156911922083,91.71666666666667,91.66166666666666,2.8426654967541887,3.4232717634020626,93.3695549399316,2.412921229492326,94.36775757979997,2.4087576727755033
07-18,89.6,90.14425287356322,2.8296460117343574,3.4029574101790554,91.38333333333334,91.64827586206896,3.5832063596856902,3.42763697347584,93.39368081495161,2.397416132441695,94.28848002119578,2.366772932449947
07-19,90.15,90.11785714285713,2.9424069434205835,3.4194544826310027,92.38333333333334,91.6452380952381,2.045530591875538,3.4231985138201746,93.38781094299097,2.428338671168569,94.26182181724894,2.4800584199628344
07-20,89.45,90.10802469135803,3.3149348565919494,3.4221433612631524,92.13333333333334,91.63765432098765,3.8549863216657254,3.449708491547119,93.32967253373562,2.4784182503805097,94.21260361144813,2.463383083724317
07-21,89.8,90.12179487179486,3.305168366518486,3.421803894309024,91.91666666666667,91.67756410256409,3.140621872675294,3.413874704163393,93.42271198852336,2.465770282252941,94.33216794131651,2.459816613345972
07-22,90.08333333333333,90.16,3.4040628193617293,3.401605160455661,91.86666666666666,91.70533333333333,2.5083767705407363,3.363366484621516,93.640159935938,2.374962915159316,94.47805081910089,2.41995663471608
07-23,89.88333333333334,90.16527777777777,3.675837538465949,3.3642126998775317,91.01666666666667,91.72291666666666,3.793104754440728,3.323318597072529,93.64791049394172,2.4769531938155183,94.50275744319433,2.538450814152193
07-24,90.25,90.11884057971014,2.7908409312335003,3.403718363900812,91.88333333333334,91.76521739130435,2.7937224374427934,3.2955216279164232,93.67044646344154,2.4876798349285836,94.6189117713594,2.5723205782798053
07-25,89.83333333333333,90.10757575757576,3.670322106820611,3.3940088625585427,91.68333333333334,91.75530303030303,3.677713245026553,3.308760818807214,93.68065927239824,2.5935466780384453,94.61906519633077,2.672107880034414
07-26,90.46666666666667,90.14206349206349,2.6291906888167924,3.377708521282207,91.3,91.77142857142856,3.3051683665184783,3.2804063375870167,93.66964914059258,2.731984648052979,94.51972449521666,2.6333130977583834
07-27,90.36666666666666,90.19083333333333,2.3669175842379273,3.3388418846845234,90.86666666666666,91.73333333333332,4.220094240926243,3.2951563989048447,93.7084972703168,2.741137858103327,94.51077767304189,2.4107318771593107
07-28,90.58333333333333,90.16315789473684,2.27839679468327,3.3419808648030402,92.75,91.67719298245613,3.073103564353365,3.3183478673122617,93.60929046077295,2.6318203106132354,94.48419526861932,2.3223233389488973
07-29,91.15,90.1398148148148,3.224769438430364,3.3474658477687447,92.0,91.63518518518518,3.3733233383160215,3.317905279420128,93.44295537164682,2.573112769072911,94.34951302274474,2.2522698450498986
07-30,91.01666666666667,90.14019607843136,3.8089806160353903,3.3288061471715946,91.95,91.6970588235294,2.945920616014991,3.301959956045008,93.44786555030959,2.7066140257560996,94.47001357702445,2.237706581019671
07-31,89.56666666666666,90.11979166666666,5.486241935488502,3.3390552189489906,91.45,91.74270833333333,3.926808829852409,3.2696425273538754,93.487396815539,2.6280896262031477,94.56552584432805,2.359256589146957
